id,first_name,last_name,email,gender,ip_address
1,Nichols,Keeton,nkeeton0@epa.gov,Polygender,208.71.24.160
2,Huntington,Jikylls,hjikylls1@bbc.co.uk,Female,183.249.161.46
3,Olia,Beecker,obeecker2@indiegogo.com,Genderfluid,73.229.218.243
4,Cristy,Carlan,ccarlan3@tinyurl.com,Genderqueer,50.122.163.206
5,Lanny,Hattam,lhattam4@senate.gov,Non-binary,91.127.178.67
6,Mile,Chesworth,mchesworth5@icio.us,Male,143.228.164.106
7,Jayne,Fehely,jfehely6@comcast.net,Agender,52.197.164.2
8,Kelwin,Tolemache,ktolemache7@house.gov,Polygender,98.156.208.145
9,Demeter,Lebreton,dlebreton8@noaa.gov,Male,75.31.40.24
10,Winfield,Gogerty,wgogerty9@cnn.com,Polygender,199.97.122.60
11,Pammi,Laverty,plavertya@telegraph.co.uk,Male,217.139.88.91
12,Talbert,Arbuckel,tarbuckelb@si.edu,Agender,50.216.34.240
13,Patsy,Zammett,pzammettc@google.ca,Bigender,120.139.236.180
14,Robin,Duro,rdurod@cocolog-nifty.com,Polygender,52.139.32.208
15,Birk,Cod,bcode@ezinearticles.com,Polygender,158.200.252.183
16,Frederica,Moehler,fmoehlerf@businessinsider.com,Polygender,228.66.226.4
17,Babb,Fryett,bfryettg@tiny.cc,Female,49.203.145.68
18,Delbert,Garmston,dgarmstonh@nps.gov,Agender,48.171.172.149
19,Charlot,Jailler,cjailleri@networksolutions.com,Female,47.131.18.201
20,Tyrus,Simenon,tsimenonj@loc.gov,Male,17.109.153.22
21,Margarette,Karpenko,mkarpenkok@desdev.cn,Genderfluid,216.30.17.126
22,Sergei,Ricks,sricksl@dell.com,Genderfluid,196.92.221.96
23,Carlee,Bater,cbaterm@wsj.com,Agender,3.77.163.78
24,Jo ann,Lauthian,jlauthiann@java.com,Male,182.237.1.253
25,Reuven,Lukasen,rlukaseno@adobe.com,Female,19.194.53.144
26,Zorina,Males,zmalesp@squarespace.com,Genderqueer,252.188.42.189
27,Chloe,Orford,corfordq@artisteer.com,Male,25.63.234.204
28,Harlin,Feighney,hfeighneyr@ow.ly,Male,105.52.206.238
29,Vania,Waddup,vwaddups@usda.gov,Genderqueer,29.205.40.51
30,Brocky,Whitten,bwhittent@opera.com,Male,13.246.196.214
31,Danya,Meddows,dmeddowsu@fc2.com,Non-binary,134.127.148.132
32,Sibella,Loughead,slougheadv@indiatimes.com,Non-binary,129.189.124.108
33,Amalee,Burnel,aburnelw@sogou.com,Male,203.58.146.68
34,Kit,Videneev,kvideneevx@scribd.com,Male,167.205.128.65
35,Nalani,Devennie,ndevenniey@nymag.com,Genderqueer,200.194.215.2
36,Freedman,Rose,frosez@etsy.com,Agender,24.11.182.109
37,Allayne,Bristowe,abristowe10@go.com,Genderfluid,175.115.186.235
38,Darcy,Keson,dkeson11@ox.ac.uk,Female,142.232.73.200
39,Eldridge,Vicker,evicker12@storify.com,Male,157.172.230.67
40,Werner,Milne,wmilne13@wikipedia.org,Agender,104.187.195.134
41,Chloette,Glitherow,cglitherow14@dedecms.com,Polygender,220.20.224.43
42,Malanie,Syphus,msyphus15@ca.gov,Genderqueer,11.130.117.44
43,Gallard,Marrison,gmarrison16@hatena.ne.jp,Female,120.23.101.13
44,Chrystel,Donnellan,cdonnellan17@vinaora.com,Polygender,155.244.14.214
45,Charmane,Rosenblad,crosenblad18@cam.ac.uk,Genderqueer,185.116.72.6
46,Murdock,Wakefield,mwakefield19@ox.ac.uk,Genderqueer,210.36.95.114
47,Georgianne,Horsell,ghorsell1a@theglobeandmail.com,Genderqueer,98.21.71.23
48,Nadine,Farens,nfarens1b@comcast.net,Non-binary,74.242.35.215
49,Leonardo,Bawme,lbawme1c@acquirethisname.com,Agender,0.76.241.220
50,Bourke,Stenbridge,bstenbridge1d@bizjournals.com,Agender,206.13.80.88
51,Garwood,Croney,gcroney1e@reverbnation.com,Female,55.211.90.33
52,Dugald,Coster,dcoster1f@pinterest.com,Female,219.190.156.62
53,Nelie,Hunnable,nhunnable1g@cafepress.com,Genderqueer,179.82.109.239
54,Remy,Rollinson,rrollinson1h@about.me,Genderfluid,43.112.213.104
55,Lorne,Tissington,ltissington1i@yahoo.com,Non-binary,240.9.143.224
56,Domenic,Tull,dtull1j@youku.com,Agender,188.166.160.142
57,Claudell,Agar,cagar1k@nba.com,Genderqueer,81.138.11.131
58,Chloette,Dorkin,cdorkin1l@newsvine.com,Genderqueer,102.188.231.36
59,Elena,Brickstock,ebrickstock1m@google.de,Female,123.105.129.199
60,Veronika,Nutman,vnutman1n@nsw.gov.au,Female,202.73.38.248
61,Angelina,Dahlbom,adahlbom1o@dmoz.org,Genderfluid,201.243.136.197
62,Truman,Pettiward,tpettiward1p@cyberchimps.com,Non-binary,84.129.95.32
63,Edgar,Absolom,eabsolom1q@howstuffworks.com,Non-binary,130.205.186.9
64,Otha,Leahey,oleahey1r@ucoz.com,Male,225.83.225.32
65,Torrence,Whisson,twhisson1s@csmonitor.com,Agender,2.152.132.29
66,Rachael,Bratty,rbratty1t@nasa.gov,Genderqueer,113.29.226.56
67,Maxim,Capenor,mcapenor1u@mysql.com,Female,181.136.175.114
68,Van,Heddy,vheddy1v@angelfire.com,Male,232.235.206.253
69,Lonee,Giacometti,lgiacometti1w@behance.net,Non-binary,142.141.1.236
70,Gabriella,Kyrkeman,gkyrkeman1x@i2i.jp,Female,192.195.251.82
71,Merell,Burgiss,mburgiss1y@cmu.edu,Genderfluid,2.58.48.135
72,Isiahi,Coldwell,icoldwell1z@google.it,Non-binary,19.201.229.66
73,Ariadne,Feasby,afeasby20@uol.com.br,Polygender,189.238.231.22
74,Tom,Watson-Brown,twatsonbrown21@mashable.com,Polygender,32.143.58.139
75,Pennie,Tayspell,ptayspell22@howstuffworks.com,Bigender,179.143.137.208
76,Ervin,Greaves,egreaves23@si.edu,Genderfluid,237.69.212.23
77,Nadean,Boddam,nboddam24@nyu.edu,Male,25.1.238.31
78,Kiersten,Gleave,kgleave25@nhs.uk,Male,253.22.255.80
79,Wainwright,Willmett,wwillmett26@elegantthemes.com,Male,213.34.212.188
80,Clemmy,Glendzer,cglendzer27@ihg.com,Female,221.199.156.55
81,Albina,Nelthrop,anelthrop28@pagesperso-orange.fr,Polygender,26.74.124.150
82,Aurelie,Phateplace,aphateplace29@noaa.gov,Genderfluid,145.63.131.199
83,Natale,Beedie,nbeedie2a@amazon.com,Polygender,251.14.6.131
84,Bertie,Fripps,bfripps2b@domainmarket.com,Genderqueer,94.237.132.165
85,Bronny,Wiburn,bwiburn2c@umn.edu,Non-binary,202.216.175.156
86,Crystie,Marfe,cmarfe2d@salon.com,Non-binary,169.18.183.78
87,Maudie,Blackbrough,mblackbrough2e@taobao.com,Genderfluid,233.46.99.44
88,Cathrin,Morstatt,cmorstatt2f@nationalgeographic.com,Bigender,134.253.79.197
89,Corney,Childes,cchildes2g@live.com,Non-binary,190.170.176.150
90,York,O'Scanlon,yoscanlon2h@arstechnica.com,Non-binary,254.48.41.84
91,Audry,O'Loughnan,aoloughnan2i@163.com,Non-binary,65.7.41.33
92,Pat,Denslow,pdenslow2j@miitbeian.gov.cn,Genderqueer,228.211.44.204
93,Rice,Lippitt,rlippitt2k@reverbnation.com,Agender,202.241.77.246
94,Lavina,Etherson,letherson2l@wiley.com,Genderfluid,43.191.56.23
95,Edsel,Galbraith,egalbraith2m@opensource.org,Female,9.118.166.177
96,Aristotle,Berkelay,aberkelay2n@bigcartel.com,Genderfluid,215.74.25.234
97,Tani,Bloxsome,tbloxsome2o@usa.gov,Non-binary,12.25.224.2
98,Bartholemy,Gillean,bgillean2p@cafepress.com,Male,123.91.7.32
99,Theadora,Breach,tbreach2q@chronoengine.com,Genderfluid,123.216.38.200
100,Goddard,Manzell,gmanzell2r@gnu.org,Polygender,118.197.68.169
101,Eugene,Bilson,ebilson2s@altervista.org,Agender,123.36.186.42
102,Joye,Harhoff,jharhoff2t@booking.com,Female,235.68.92.108
103,Eolande,Dobbie,edobbie2u@drupal.org,Bigender,167.137.180.121
104,Olly,Embling,oembling2v@woothemes.com,Polygender,12.249.227.6
105,Carmela,Tomaszewski,ctomaszewski2w@adobe.com,Agender,184.237.222.97
106,Arturo,Tidswell,atidswell2x@t-online.de,Female,240.46.4.184
107,Shae,Ervin,servin2y@bloglovin.com,Genderqueer,122.148.31.139
108,Marjy,Hearn,mhearn2z@constantcontact.com,Male,111.8.179.255
109,Gaelan,Amthor,gamthor30@omniture.com,Genderqueer,221.180.11.54
110,Casandra,Saenz,csaenz31@bbb.org,Male,103.24.222.129
111,Brewer,Lithcow,blithcow32@japanpost.jp,Non-binary,99.234.213.102
112,Elvis,Curcher,ecurcher33@tinypic.com,Male,142.120.198.144
113,Daile,Pickring,dpickring34@webs.com,Agender,179.56.195.65
114,Yard,Lehr,ylehr35@diigo.com,Bigender,83.84.18.80
115,Amber,Domone,adomone36@pen.io,Non-binary,86.31.237.91
116,Frasco,Mustoe,fmustoe37@icio.us,Polygender,128.199.125.53
117,Ines,Smithin,ismithin38@time.com,Female,92.68.175.115
118,Titos,Fright,tfright39@independent.co.uk,Non-binary,123.81.103.213
119,Diane,MacKenney,dmackenney3a@digg.com,Polygender,158.87.215.253
120,Crin,Hemeret,chemeret3b@soundcloud.com,Female,68.193.239.120
121,Ogdan,Shewon,oshewon3c@qq.com,Genderfluid,161.67.30.46
122,Linoel,Narrie,lnarrie3d@senate.gov,Bigender,207.18.17.210
123,Chancey,Hackney,chackney3e@google.co.uk,Polygender,63.176.252.196
124,Nona,Attkins,nattkins3f@archive.org,Male,238.19.44.187
125,Bryce,Wickson,bwickson3g@psu.edu,Genderqueer,153.16.252.3
126,Kenny,Seagood,kseagood3h@va.gov,Non-binary,59.84.249.51
127,Harvey,Metson,hmetson3i@paginegialle.it,Genderfluid,35.43.51.246
128,Genevra,Bisco,gbisco3j@nba.com,Female,50.248.236.70
129,Daria,Lembcke,dlembcke3k@gnu.org,Female,129.28.101.88
130,Guinevere,Foggo,gfoggo3l@chron.com,Polygender,106.98.162.0
131,Kala,Jearum,kjearum3m@shareasale.com,Agender,227.225.61.124
132,Maurizia,Nutkins,mnutkins3n@sogou.com,Genderqueer,86.247.90.21
133,Banky,Bernocchi,bbernocchi3o@prnewswire.com,Polygender,92.233.152.113
134,Shelley,Salmen,ssalmen3p@constantcontact.com,Non-binary,114.29.227.17
135,Winny,Sneller,wsneller3q@aboutads.info,Non-binary,131.244.162.112
136,Nicol,Dudbridge,ndudbridge3r@wikia.com,Female,239.152.184.51
137,Ileana,McCane,imccane3s@miitbeian.gov.cn,Bigender,147.100.194.13
138,Pet,Beynke,pbeynke3t@wisc.edu,Female,145.88.139.246
139,Robina,Brooks,rbrooks3u@slashdot.org,Bigender,117.8.142.41
140,Molli,Paolucci,mpaolucci3v@surveymonkey.com,Genderqueer,77.38.35.205
141,Kerianne,Bootes,kbootes3w@booking.com,Polygender,22.232.112.154
142,Brigitte,Demeter,bdemeter3x@wikia.com,Female,67.18.254.209
143,Haven,McPhelimey,hmcphelimey3y@altervista.org,Female,20.99.51.58
144,Dick,Lanning,dlanning3z@amazon.co.jp,Non-binary,184.17.249.218
145,Baillie,Sara,bsara40@google.fr,Male,121.246.43.249
146,Cherida,Zannini,czannini41@netscape.com,Bigender,245.229.143.22
147,Becky,Ketchell,bketchell42@blogs.com,Non-binary,100.25.28.224
148,Katusha,Sparling,ksparling43@homestead.com,Female,176.228.182.26
149,Jeramey,Danby,jdanby44@whitehouse.gov,Agender,83.129.67.254
150,Valeria,Stancliffe,vstancliffe45@va.gov,Genderqueer,191.74.16.22
151,Darda,Cardoe,dcardoe46@webmd.com,Bigender,165.158.238.124
152,Marcel,Keoghan,mkeoghan47@msu.edu,Genderfluid,140.141.83.94
153,Maurizio,Bailles,mbailles48@addthis.com,Non-binary,117.205.28.14
154,Gustavus,Plumley,gplumley49@howstuffworks.com,Bigender,25.95.162.162
155,Julian,Whittam,jwhittam4a@tamu.edu,Male,227.178.26.106
156,Geraldine,Escolme,gescolme4b@surveymonkey.com,Non-binary,78.234.74.239
157,Candide,Andras,candras4c@senate.gov,Polygender,103.197.218.228
158,Aleece,Prier,aprier4d@mit.edu,Non-binary,127.105.217.124
159,Yves,Tamas,ytamas4e@liveinternet.ru,Female,5.227.122.40
160,Anton,Kilbourne,akilbourne4f@posterous.com,Male,103.68.253.185
161,Clarabelle,Poe,cpoe4g@newsvine.com,Agender,207.14.24.166
162,Alaine,Wegenen,awegenen4h@github.io,Bigender,21.159.212.65
163,Geri,Kenlin,gkenlin4i@scribd.com,Agender,167.158.102.146
164,Orton,Humber,ohumber4j@oakley.com,Agender,123.18.87.226
165,Ted,Wardlaw,twardlaw4k@over-blog.com,Genderfluid,139.149.152.65
166,Padgett,Thomann,pthomann4l@google.cn,Agender,205.66.57.253
167,Skylar,Trenear,strenear4m@cyberchimps.com,Genderqueer,176.10.116.54
168,Evelyn,Spiers,espiers4n@bing.com,Non-binary,10.1.116.207
169,Jermaine,Gourley,jgourley4o@google.co.jp,Non-binary,59.150.109.249
170,Dalia,Sauvan,dsauvan4p@zdnet.com,Male,105.103.104.254
171,Kareem,Fidock,kfidock4q@rakuten.co.jp,Non-binary,67.232.22.2
172,Zeb,De Courtney,zdecourtney4r@angelfire.com,Genderfluid,186.59.31.139
173,Corilla,Karoly,ckaroly4s@pagesperso-orange.fr,Bigender,195.104.65.130
174,Kassia,MacNeil,kmacneil4t@quantcast.com,Genderqueer,31.254.85.11
175,Diane,Songhurst,dsonghurst4u@nifty.com,Female,252.19.17.158
176,Steven,Ander,sander4v@tiny.cc,Male,165.56.226.243
177,Jacklin,Pickersgill,jpickersgill4w@ehow.com,Non-binary,195.24.71.144
178,Stan,Wisby,swisby4x@imageshack.us,Female,241.204.230.191
179,Noemi,Plumley,nplumley4y@si.edu,Agender,101.146.96.132
180,Heloise,Vockins,hvockins4z@spiegel.de,Female,19.51.221.175
181,Carlotta,Whistlecroft,cwhistlecroft50@columbia.edu,Agender,92.88.146.68
182,Tull,Costigan,tcostigan51@last.fm,Polygender,50.152.66.135
183,Jefferson,Bichard,jbichard52@aboutads.info,Genderqueer,154.161.23.12
184,Tamara,Maffey,tmaffey53@php.net,Female,160.7.162.23
185,Far,Barnet,fbarnet54@mapy.cz,Polygender,187.4.40.222
186,Susana,Wrigglesworth,swrigglesworth55@ebay.co.uk,Male,108.103.73.184
187,Domingo,Durkin,ddurkin56@merriam-webster.com,Genderqueer,244.143.90.239
188,Violetta,Talman,vtalman57@usa.gov,Genderqueer,125.250.209.134
189,Shell,Spellar,sspellar58@java.com,Agender,13.74.152.107
190,Amber,Mattersley,amattersley59@ucla.edu,Genderqueer,116.72.53.89
191,Emerson,Wolffers,ewolffers5a@tripadvisor.com,Male,21.191.19.34
192,Frannie,Angier,fangier5b@apache.org,Non-binary,13.192.181.0
193,Kanya,Hackey,khackey5c@pbs.org,Genderqueer,193.94.127.128
194,Fredelia,Freke,ffreke5d@barnesandnoble.com,Agender,64.166.136.184
195,Lilyan,Storrock,lstorrock5e@sourceforge.net,Bigender,29.53.177.46
196,Jayne,Roydon,jroydon5f@hc360.com,Polygender,204.162.109.97
197,Martica,Kissock,mkissock5g@hubpages.com,Non-binary,207.171.243.68
198,Michell,Rodliff,mrodliff5h@guardian.co.uk,Male,189.115.227.177
199,Myra,Guilbert,mguilbert5i@xing.com,Bigender,212.212.23.81
200,Augustine,Stivey,astivey5j@biblegateway.com,Male,93.213.53.93
201,Verla,Baird,vbaird5k@godaddy.com,Non-binary,19.181.227.82
202,Evelyn,McCurdy,emccurdy5l@gizmodo.com,Agender,198.183.187.212
203,Grete,Coventon,gcoventon5m@census.gov,Genderfluid,217.241.189.238
204,Rancell,Leithgoe,rleithgoe5n@google.ru,Genderfluid,246.51.147.115
205,Melisande,Keeting,mkeeting5o@wp.com,Female,71.117.151.33
206,Fina,Churchlow,fchurchlow5p@macromedia.com,Agender,195.68.87.202
207,Marcel,Hurrion,mhurrion5q@4shared.com,Non-binary,62.132.60.236
208,Eldon,Girod,egirod5r@npr.org,Bigender,106.171.135.117
209,Tomas,Hanalan,thanalan5s@rambler.ru,Polygender,244.149.75.252
210,Brier,Hastwall,bhastwall5t@oakley.com,Male,146.190.22.253
211,Genni,Forgan,gforgan5u@netvibes.com,Male,178.79.186.157
212,Pansy,Howen,phowen5v@nature.com,Bigender,154.69.28.157
213,Micaela,Ewington,mewington5w@zimbio.com,Bigender,79.129.241.123
214,Jeffry,Cescotti,jcescotti5x@wsj.com,Genderfluid,137.77.20.178
215,Dorris,Stokell,dstokell5y@imgur.com,Bigender,110.224.155.19
216,Jody,Mallalieu,jmallalieu5z@surveymonkey.com,Male,89.76.5.241
217,Codie,Habbin,chabbin60@hhs.gov,Polygender,145.165.250.246
218,Julius,Wicken,jwicken61@admin.ch,Polygender,37.69.230.195
219,Halie,Shimon,hshimon62@sina.com.cn,Male,21.22.220.166
220,Jayne,Lidden,jlidden63@geocities.com,Polygender,225.224.158.145
221,Ivan,Calkin,icalkin64@diigo.com,Male,227.64.89.142
222,Juan,Backman,jbackman65@sciencedaily.com,Agender,231.83.208.146
223,Nessie,Drust,ndrust66@abc.net.au,Female,255.77.222.218
224,Marketa,Rembaud,mrembaud67@ucla.edu,Female,103.90.80.133
225,Luigi,Habbergham,lhabbergham68@ifeng.com,Polygender,177.23.1.0
226,Agnesse,Dummer,adummer69@epa.gov,Genderfluid,48.150.53.49
227,Garey,MacAindreis,gmacaindreis6a@washingtonpost.com,Polygender,64.166.135.199
228,Brandea,Nockolds,bnockolds6b@sun.com,Non-binary,95.24.243.56
229,Katherina,Babbidge,kbabbidge6c@jiathis.com,Male,103.22.154.9
230,Pansy,Ineson,pineson6d@bloglines.com,Genderqueer,7.144.109.122
231,Kessiah,Coppenhall,kcoppenhall6e@webs.com,Non-binary,200.40.202.3
232,Bary,Callaghan,bcallaghan6f@deviantart.com,Male,84.44.189.26
233,Jillana,Ferraron,jferraron6g@skyrock.com,Male,89.107.171.209
234,Benyamin,Gaughan,bgaughan6h@usnews.com,Male,102.76.253.112
235,Delphinia,Easdon,deasdon6i@rediff.com,Genderqueer,92.181.10.122
236,Skip,Spaight,sspaight6j@lycos.com,Female,17.87.70.141
237,Jule,Breit,jbreit6k@admin.ch,Agender,174.45.46.125
238,Sabine,Brisco,sbrisco6l@github.io,Polygender,9.241.6.14
239,Harrietta,Bittlestone,hbittlestone6m@marriott.com,Polygender,156.199.230.11
240,Caryn,Siehard,csiehard6n@ebay.com,Genderqueer,27.161.35.155
241,Timofei,Junkinson,tjunkinson6o@utexas.edu,Genderfluid,100.154.163.69
242,Kellyann,Ruggieri,kruggieri6p@cisco.com,Agender,31.182.233.36
243,Maddy,Mityashin,mmityashin6q@csmonitor.com,Genderqueer,231.104.223.21
244,Fletch,Plank,fplank6r@webmd.com,Non-binary,49.252.110.102
245,Elbertina,Utteridge,eutteridge6s@sciencedirect.com,Bigender,32.220.0.231
246,Fairfax,Ninnis,fninnis6t@reverbnation.com,Female,87.246.151.27
247,Weylin,Matityahu,wmatityahu6u@163.com,Polygender,52.219.172.1
248,Kirbee,Brotherick,kbrotherick6v@flickr.com,Genderqueer,232.158.47.96
249,Francine,Caitlin,fcaitlin6w@spotify.com,Polygender,46.204.138.28
250,Caroljean,O'Heneghan,coheneghan6x@paginegialle.it,Agender,137.234.42.253
251,Timofei,Skin,tskin6y@cnbc.com,Female,211.111.51.1
252,Uta,Tredgold,utredgold6z@gmpg.org,Male,244.198.243.249
253,Evangelia,Dennert,edennert70@engadget.com,Bigender,133.240.224.218
254,Natka,Koles,nkoles71@eepurl.com,Genderfluid,202.33.224.166
255,Christiano,Heaney`,cheaney72@fastcompany.com,Bigender,11.235.33.90
256,Tye,Ebben,tebben73@blogtalkradio.com,Bigender,253.81.88.176
257,Red,Sloane,rsloane74@tiny.cc,Male,235.205.234.249
258,Alia,Langstone,alangstone75@mac.com,Bigender,236.88.171.66
259,Eada,Brownsea,ebrownsea76@booking.com,Non-binary,16.37.108.84
260,Winn,Nansom,wnansom77@tripod.com,Polygender,108.229.237.43
261,Carter,Bowmen,cbowmen78@bravesites.com,Male,104.54.252.130
262,Daveen,Cressey,dcressey79@usa.gov,Agender,81.36.213.239
263,Moreen,Lassey,mlassey7a@businessinsider.com,Bigender,246.169.143.28
264,Darrin,Reddington,dreddington7b@prnewswire.com,Agender,139.13.84.99
265,Charlotta,Auckland,cauckland7c@tuttocitta.it,Agender,188.16.68.249
266,Caron,Marjot,cmarjot7d@php.net,Polygender,211.6.59.185
267,Hillel,Giacomuzzi,hgiacomuzzi7e@miitbeian.gov.cn,Male,165.112.106.9
268,Shirleen,Gude,sgude7f@sina.com.cn,Agender,76.214.11.166
269,Bronny,Clewett,bclewett7g@blogtalkradio.com,Genderfluid,244.231.9.174
270,Jaclyn,Membry,jmembry7h@ovh.net,Female,44.55.173.254
271,Sancho,Bleackly,sbleackly7i@exblog.jp,Genderfluid,9.130.225.71
272,Modesty,Rozea,mrozea7j@naver.com,Genderfluid,172.136.23.110
273,Saidee,Casebourne,scasebourne7k@fotki.com,Agender,64.7.233.42
274,Julia,Castel,jcastel7l@sohu.com,Polygender,2.236.202.192
275,Trefor,Endecott,tendecott7m@hp.com,Bigender,30.217.82.200
276,Billye,Leare,bleare7n@meetup.com,Bigender,197.95.184.46
277,Lynnelle,Munnion,lmunnion7o@t-online.de,Polygender,121.96.247.11
278,Julia,Borrow,jborrow7p@smugmug.com,Polygender,38.244.106.175
279,Ange,Fulks,afulks7q@hubpages.com,Genderqueer,227.6.129.112
280,Urban,Brazener,ubrazener7r@squidoo.com,Agender,180.84.154.119
281,Delbert,Scotchbourouge,dscotchbourouge7s@harvard.edu,Polygender,113.189.129.37
282,Darwin,Hazeley,dhazeley7t@ox.ac.uk,Non-binary,34.85.157.64
283,Malina,Izkovicz,mizkovicz7u@infoseek.co.jp,Genderqueer,175.190.1.180
284,Lucas,Valero,lvalero7v@latimes.com,Male,202.43.49.94
285,Lisetta,Curmi,lcurmi7w@theguardian.com,Agender,208.87.117.49
286,Bevvy,Verheijden,bverheijden7x@columbia.edu,Genderfluid,86.151.224.9
287,Papagena,Normanell,pnormanell7y@rediff.com,Non-binary,134.102.253.44
288,Enrique,Veldens,eveldens7z@businessweek.com,Genderfluid,38.159.147.168
289,Analiese,Crathern,acrathern80@skyrock.com,Genderfluid,144.142.194.27
290,Nert,Maynell,nmaynell81@cmu.edu,Bigender,225.118.32.160
291,Craggy,Matschek,cmatschek82@scribd.com,Genderfluid,214.179.5.25
292,Idalina,Kiellor,ikiellor83@sitemeter.com,Female,32.227.9.34
293,Chilton,Nerheny,cnerheny84@chron.com,Agender,171.94.144.57
294,Earle,Linster,elinster85@comsenz.com,Female,211.133.48.173
295,Egbert,Brammer,ebrammer86@addtoany.com,Non-binary,217.138.25.4
296,Fidelity,Camilleri,fcamilleri87@chronoengine.com,Genderfluid,105.6.203.176
297,Ali,Powe,apowe88@cbslocal.com,Female,200.78.12.200
298,Wallis,Halwood,whalwood89@homestead.com,Bigender,66.187.220.16
299,Rolland,Eck,reck8a@mysql.com,Genderfluid,219.189.161.90
300,Janith,Breckenridge,jbreckenridge8b@washingtonpost.com,Agender,153.74.32.72
301,Giordano,Machen,gmachen8c@wikimedia.org,Male,94.235.217.105
302,Temple,Wann,twann8d@tumblr.com,Non-binary,119.106.55.150
303,Barret,Van Hesteren,bvanhesteren8e@marketwatch.com,Genderqueer,117.26.2.118
304,Wilt,Meaking,wmeaking8f@g.co,Genderfluid,238.14.193.60
305,Rorke,Howgill,rhowgill8g@csmonitor.com,Male,153.135.173.88
306,Estel,Coping,ecoping8h@blogger.com,Female,167.41.183.21
307,Carole,Storrar,cstorrar8i@nih.gov,Genderqueer,128.46.186.44
308,Thibaud,Shale,tshale8j@archive.org,Agender,235.38.0.52
309,Jarrett,Bellie,jbellie8k@ustream.tv,Non-binary,143.70.182.186
310,Suzann,Derx,sderx8l@artisteer.com,Female,127.83.138.142
311,Xylina,Angus,xangus8m@mail.ru,Non-binary,180.24.73.20
312,Emmalynn,Mozzini,emozzini8n@cmu.edu,Agender,83.34.50.241
313,Theodoric,Kimmings,tkimmings8o@odnoklassniki.ru,Polygender,109.78.184.198
314,Wallis,Rosin,wrosin8p@unesco.org,Polygender,160.200.89.115
315,Kikelia,Gissing,kgissing8q@omniture.com,Polygender,77.35.233.102
316,Leonard,Breagan,lbreagan8r@tinypic.com,Male,100.190.154.173
317,Guillaume,Sandiford,gsandiford8s@kickstarter.com,Bigender,209.172.83.158
318,Hogan,O' Mulderrig,homulderrig8t@example.com,Male,220.14.125.243
319,Marjory,Ajean,majean8u@chicagotribune.com,Genderfluid,251.131.204.14
320,Susann,Peel,speel8v@t-online.de,Female,114.175.106.86
321,Hayward,MacFadzean,hmacfadzean8w@tumblr.com,Non-binary,24.103.56.123
322,Yetta,Minger,yminger8x@ucsd.edu,Male,163.85.136.196
323,Charo,Macken,cmacken8y@csmonitor.com,Male,93.186.154.202
324,Dacy,Rennocks,drennocks8z@deviantart.com,Male,164.97.131.183
325,Radcliffe,Litton,rlitton90@about.com,Non-binary,80.86.230.62
326,Drusilla,Boshier,dboshier91@unc.edu,Genderfluid,75.65.151.121
327,Paxon,Bibey,pbibey92@marketwatch.com,Bigender,32.203.101.38
328,Lanette,Hune,lhune93@mozilla.com,Genderqueer,111.3.91.174
329,Gabi,Bantock,gbantock94@fastcompany.com,Polygender,101.239.130.204
330,Ambrose,Audenis,aaudenis95@vistaprint.com,Agender,42.66.146.37
331,Daveta,Pawlick,dpawlick96@ca.gov,Agender,206.33.50.15
332,Gabbey,Erickssen,gerickssen97@ebay.com,Non-binary,98.181.179.98
333,Layne,Simants,lsimants98@shinystat.com,Non-binary,7.64.185.41
334,Dolf,Crosetto,dcrosetto99@reverbnation.com,Non-binary,181.142.88.156
335,Mic,Pike,mpike9a@creativecommons.org,Polygender,168.22.165.186
336,Madelene,Scougall,mscougall9b@ted.com,Genderqueer,107.164.174.23
337,Joe,Bagg,jbagg9c@cafepress.com,Polygender,94.193.46.184
338,Maryanna,Keaveney,mkeaveney9d@a8.net,Polygender,35.141.159.173
339,Luz,Taylot,ltaylot9e@omniture.com,Non-binary,100.102.222.58
340,Bank,Christopher,bchristopher9f@mashable.com,Male,47.132.167.123
341,Nanette,Chappelle,nchappelle9g@reverbnation.com,Non-binary,191.126.241.106
342,Trefor,Deans,tdeans9h@earthlink.net,Agender,200.86.78.137
343,Rolph,Warhurst,rwarhurst9i@mlb.com,Non-binary,244.229.40.135
344,Astrid,Glide,aglide9j@hibu.com,Female,35.83.86.161
345,Levin,Riches,lriches9k@berkeley.edu,Male,140.80.119.64
346,Neal,Hethron,nhethron9l@blogger.com,Agender,157.197.128.106
347,Isabel,Bywater,ibywater9m@tumblr.com,Polygender,196.145.118.199
348,Kelli,Longmire,klongmire9n@economist.com,Bigender,182.212.36.140
349,Doris,Redgate,dredgate9o@nydailynews.com,Polygender,238.207.127.31
350,Goldia,Greswell,ggreswell9p@nsw.gov.au,Genderqueer,146.48.141.128
351,Bendick,Sawer,bsawer9q@cbsnews.com,Bigender,177.152.4.58
352,Conway,Gillard,cgillard9r@yandex.ru,Bigender,206.28.31.228
353,Penni,Karleman,pkarleman9s@indiatimes.com,Male,64.196.7.235
354,Nicholle,Oddie,noddie9t@php.net,Polygender,147.32.193.179
355,Zane,Tatchell,ztatchell9u@smugmug.com,Agender,118.191.100.182
356,Hedda,Signore,hsignore9v@latimes.com,Female,251.64.128.36
357,Lindsay,Jacklin,ljacklin9w@shutterfly.com,Genderfluid,49.128.209.219
358,Elysee,Concannon,econcannon9x@nydailynews.com,Bigender,187.226.106.161
359,Edvard,Mollon,emollon9y@wordpress.org,Male,168.214.29.4
360,Vicky,Eyre,veyre9z@google.fr,Polygender,226.232.105.150
361,Carma,Kochlin,ckochlina0@youtube.com,Female,151.189.214.164
362,Ernst,Craise,ecraisea1@mac.com,Polygender,155.182.215.18
363,Amble,Trowler,atrowlera2@spotify.com,Genderfluid,6.50.215.111
364,Josselyn,Hunton,jhuntona3@acquirethisname.com,Bigender,151.150.186.159
365,Roley,Gori,rgoria4@pen.io,Non-binary,190.59.216.19
366,Alyce,Heller,ahellera5@mysql.com,Polygender,247.32.233.228
367,Tobe,Trollope,ttrollopea6@yahoo.com,Male,173.151.193.18
368,Reynold,Dikels,rdikelsa7@google.pl,Genderqueer,212.223.98.5
369,Meryl,Guiet,mguieta8@japanpost.jp,Non-binary,236.196.115.202
370,Tudor,Nurny,tnurnya9@ucla.edu,Bigender,31.22.194.182
371,Abraham,Hinckesman,ahinckesmanaa@ehow.com,Male,234.117.236.23
372,Calida,Danbury,cdanburyab@msn.com,Non-binary,50.236.72.149
373,Archibald,Buncom,abuncomac@51.la,Non-binary,177.212.49.87
374,Marti,Bolsover,mbolsoverad@flickr.com,Genderqueer,223.0.227.207
375,Danni,Peckitt,dpeckittae@newsvine.com,Genderfluid,67.196.180.103
376,Budd,Cocklin,bcocklinaf@google.es,Male,54.205.64.38
377,Jud,Maestrini,jmaestriniag@mapquest.com,Agender,90.135.165.54
378,Giusto,McGettrick,gmcgettrickah@google.ru,Polygender,13.182.105.216
379,Gayle,Buten,gbutenai@cbsnews.com,Polygender,124.183.153.194
380,Munmro,Nani,mnaniaj@jugem.jp,Female,81.66.187.188
381,Yasmin,Caple,ycapleak@archive.org,Genderqueer,18.199.58.236
382,Timotheus,Cumbridge,tcumbridgeal@time.com,Female,55.220.93.175
383,Clayborn,Lehrahan,clehrahanam@free.fr,Genderqueer,59.80.149.75
384,Broddy,Lumm,blumman@whitehouse.gov,Genderqueer,200.111.133.185
385,Dennison,Charpin,dcharpinao@google.co.jp,Male,44.41.86.79
386,Sol,Mosdell,smosdellap@businessweek.com,Non-binary,108.59.167.212
387,Yolanda,Turn,yturnaq@walmart.com,Agender,194.123.239.197
388,Federico,Gillbey,fgillbeyar@examiner.com,Male,183.117.228.19
389,Emerson,Calveley,ecalveleyas@go.com,Bigender,0.181.20.170
390,Byram,McCorrie,bmccorrieat@merriam-webster.com,Agender,82.51.27.160
391,Doris,Kiddle,dkiddleau@theglobeandmail.com,Agender,169.53.83.158
392,Moises,Getcliff,mgetcliffav@bing.com,Genderfluid,72.248.55.234
393,Celisse,Coneybeare,cconeybeareaw@techcrunch.com,Agender,81.127.84.148
394,Leonard,Atheis,latheisax@google.de,Agender,54.8.17.236
395,Sherlock,Ducrow,sducroway@addtoany.com,Bigender,251.92.230.80
396,Valaree,Kopman,vkopmanaz@buzzfeed.com,Non-binary,108.16.161.8
397,Shannah,Snugg,ssnuggb0@google.ca,Male,160.142.165.13
398,Angelique,Pate,apateb1@state.gov,Male,133.41.114.41
399,Kathy,Duigan,kduiganb2@ovh.net,Male,39.183.122.125
400,Dalenna,Braznell,dbraznellb3@time.com,Genderqueer,127.70.112.112
401,Crissie,Reynold,creynoldb4@edublogs.org,Agender,229.251.125.191
402,Had,Poolman,hpoolmanb5@oracle.com,Female,163.176.228.59
403,Korella,Evers,keversb6@bluehost.com,Genderqueer,233.20.15.151
404,Even,Obbard,eobbardb7@ocn.ne.jp,Genderfluid,142.254.39.42
405,Ferdinand,Ruppert,fruppertb8@rediff.com,Genderqueer,0.102.99.173
406,Claiborne,Ruvel,cruvelb9@state.tx.us,Bigender,194.183.61.242
407,Lucio,Longhorne,llonghorneba@pbs.org,Genderqueer,193.248.213.13
408,Anthia,Estick,aestickbb@typepad.com,Female,46.187.192.106
409,Marni,MacKeller,mmackellerbc@disqus.com,Genderqueer,45.211.87.159
410,Clyve,Lowdiane,clowdianebd@t-online.de,Genderqueer,1.40.192.15
411,Gus,Bricket,gbricketbe@about.me,Genderfluid,202.173.62.147
412,Uta,Lum,ulumbf@addtoany.com,Agender,245.252.152.203
413,Malissia,Extance,mextancebg@reverbnation.com,Genderfluid,6.93.44.77
414,Loise,Studman,lstudmanbh@alibaba.com,Male,249.32.53.81
415,Lyn,Maywood,lmaywoodbi@microsoft.com,Male,90.16.49.198
416,Augustine,Roscamp,aroscampbj@oaic.gov.au,Non-binary,163.12.123.85
417,Remington,Jursch,rjurschbk@sakura.ne.jp,Polygender,101.142.33.82
418,Belia,McFadzean,bmcfadzeanbl@simplemachines.org,Genderqueer,175.1.130.128
419,Martita,Stare,mstarebm@myspace.com,Bigender,5.198.215.31
420,Bee,Reeveley,breeveleybn@google.cn,Female,129.18.148.222
421,Witty,Orta,wortabo@flavors.me,Genderfluid,143.149.232.65
422,Julius,Heineken,jheinekenbp@artisteer.com,Genderfluid,113.14.60.79
423,Bond,Binner,bbinnerbq@aol.com,Non-binary,188.210.183.136
424,Mirna,Mattioli,mmattiolibr@freewebs.com,Female,162.213.21.57
425,Hewie,Sobtka,hsobtkabs@mlb.com,Female,87.238.80.123
426,Chrysler,Tinsey,ctinseybt@mozilla.org,Non-binary,35.179.208.97
427,Georgiana,Lynskey,glynskeybu@zimbio.com,Polygender,166.156.78.30
428,Andrei,Rust,arustbv@ca.gov,Female,0.159.206.176
429,Andi,Colcomb,acolcombbw@exblog.jp,Female,41.79.170.161
430,Kalina,Vodden,kvoddenbx@mayoclinic.com,Bigender,200.44.200.48
431,Ellyn,Scobbie,escobbieby@exblog.jp,Non-binary,135.100.197.85
432,Corette,Traves,ctravesbz@artisteer.com,Genderqueer,137.37.201.117
433,Bev,Haylor,bhaylorc0@exblog.jp,Bigender,248.106.22.215
434,Crawford,Waterfall,cwaterfallc1@wordpress.com,Non-binary,77.241.192.99
435,Teddy,Curuclis,tcuruclisc2@dailymotion.com,Genderfluid,23.216.62.141
436,Lynette,Jansens,ljansensc3@gravatar.com,Male,176.75.71.181
437,Adela,Loveland,alovelandc4@sogou.com,Bigender,4.217.30.38
438,Mahala,Botwright,mbotwrightc5@cisco.com,Polygender,60.197.85.28
439,Washington,Kemball,wkemballc6@hugedomains.com,Female,184.227.216.79
440,Lynn,Gilders,lgildersc7@addthis.com,Agender,164.65.32.118
441,Bancroft,Behne,bbehnec8@ed.gov,Male,71.231.10.176
442,Pate,Ruddiforth,pruddiforthc9@godaddy.com,Agender,200.6.6.97
443,Cynthea,Fassbindler,cfassbindlerca@list-manage.com,Female,139.13.204.186
444,Eli,Harling,eharlingcb@ed.gov,Genderqueer,211.67.21.245
445,Tris,Goodnow,tgoodnowcc@jugem.jp,Female,212.12.84.218
446,Dita,Gosnell,dgosnellcd@china.com.cn,Female,202.86.50.168
447,Krystle,Wickson,kwicksonce@google.ru,Genderfluid,63.85.68.203
448,Margaretha,Pluthero,mplutherocf@google.ca,Male,116.52.251.28
449,Starla,Habershon,shabershoncg@tuttocitta.it,Agender,20.108.21.52
450,Findlay,Balsom,fbalsomch@storify.com,Male,8.196.94.70
451,Ario,Bryning,abryningci@usa.gov,Genderqueer,0.208.210.221
452,Adrian,Gallimore,agallimorecj@narod.ru,Non-binary,185.72.160.186
453,Kerrin,Lyness,klynessck@cloudflare.com,Genderfluid,4.154.62.26
454,Minnnie,Ferrarin,mferrarincl@xing.com,Genderfluid,9.29.208.76
455,Olympe,Pennington,openningtoncm@seattletimes.com,Agender,191.105.14.61
456,Eudora,Whitesel,ewhiteselcn@usnews.com,Genderfluid,32.108.210.136
457,Amby,Lampkin,alampkinco@cbsnews.com,Polygender,141.236.160.157
458,Imogene,Lloyds,illoydscp@newsvine.com,Agender,38.229.91.190
459,Lanae,Hockey,lhockeycq@smugmug.com,Male,55.227.40.31
460,Donn,Sparling,dsparlingcr@wsj.com,Polygender,118.135.232.32
461,Del,Windrass,dwindrasscs@ca.gov,Bigender,227.122.219.159
462,Hester,Lissenden,hlissendenct@icq.com,Agender,93.102.236.230
463,Roderic,Heindrich,rheindrichcu@360.cn,Male,216.65.50.138
464,Danette,Found,dfoundcv@multiply.com,Female,20.99.50.104
465,Moyra,Killock,mkillockcw@addtoany.com,Non-binary,51.46.163.5
466,Farand,Erdis,ferdiscx@answers.com,Polygender,125.189.181.27
467,Antonina,Sweetenham,asweetenhamcy@liveinternet.ru,Female,78.249.176.15
468,Wolfy,Moralis,wmoraliscz@newsvine.com,Agender,27.116.92.100
469,Hayes,Balentyne,hbalentyned0@berkeley.edu,Agender,110.190.63.132
470,Aileen,Ashurst,aashurstd1@devhub.com,Bigender,16.89.185.222
471,Anette,Monger,amongerd2@salon.com,Male,48.76.211.98
472,Mayer,Burnsall,mburnsalld3@auda.org.au,Female,163.38.72.112
473,Chandal,Antoniottii,cantoniottiid4@yelp.com,Non-binary,78.207.54.226
474,Reeva,Jaxon,rjaxond5@chicagotribune.com,Agender,105.229.181.157
475,Lynea,Channon,lchannond6@addtoany.com,Female,222.86.146.198
476,Kory,Brazelton,kbrazeltond7@g.co,Genderqueer,39.138.243.143
477,Clint,Somersett,csomersettd8@abc.net.au,Bigender,187.14.176.246
478,Olympie,Lambird,olambirdd9@europa.eu,Non-binary,23.251.248.189
479,Vasily,Esposito,vespositoda@netlog.com,Agender,9.92.245.123
480,Beverley,Hingeley,bhingeleydb@nbcnews.com,Bigender,246.234.175.128
481,Guglielma,Shakelady,gshakeladydc@yolasite.com,Agender,27.71.204.117
482,Nanette,Elham,nelhamdd@etsy.com,Female,101.107.77.164
483,Imelda,Mordey,imordeyde@utexas.edu,Genderqueer,61.173.154.47
484,Matteo,Seniour,mseniourdf@google.es,Male,255.57.119.106
485,Helenelizabeth,Brannan,hbrannandg@dropbox.com,Female,126.150.233.230
486,Josey,McCaskell,jmccaskelldh@princeton.edu,Male,237.184.108.165
487,Timothee,Legister,tlegisterdi@blinklist.com,Non-binary,119.203.228.163
488,Dominga,Kaley,dkaleydj@jalbum.net,Genderfluid,125.1.35.32
489,Salomo,Traves,stravesdk@wired.com,Genderfluid,123.42.238.20
490,Curtis,Lafayette,clafayettedl@microsoft.com,Non-binary,230.13.84.7
491,Ingeberg,Maplethorp,imaplethorpdm@mozilla.org,Bigender,238.80.3.141
492,Thomasine,Meas,tmeasdn@cbc.ca,Genderfluid,115.19.215.5
493,Shelli,Roswarn,sroswarndo@hexun.com,Polygender,95.214.118.206
494,Gonzalo,England,genglanddp@wisc.edu,Genderfluid,239.102.115.145
495,Carrol,Hardaker,chardakerdq@mail.ru,Bigender,175.243.136.242
496,Neill,Rosina,nrosinadr@diigo.com,Polygender,138.67.134.218
497,Francisca,Razzell,frazzellds@go.com,Genderfluid,61.191.4.98
498,Keane,Oda,kodadt@51.la,Genderfluid,115.28.200.223
499,Rayner,Saunton,rsauntondu@examiner.com,Genderfluid,24.63.23.19
500,Teodora,Bim,tbimdv@ted.com,Polygender,103.125.210.220
501,Cahra,Erickson,cericksondw@virginia.edu,Genderqueer,35.21.31.172
502,Pippo,Engley,pengleydx@usnews.com,Female,195.86.158.200
503,Lamont,Golda,lgoldady@dropbox.com,Genderfluid,26.194.187.238
504,Alix,Manolov,amanolovdz@archive.org,Male,52.180.145.5
505,Salim,Wortman,swortmane0@blogs.com,Non-binary,62.234.108.44
506,Hollis,Ledgley,hledgleye1@examiner.com,Bigender,35.145.228.107
507,Licha,Gumly,lgumlye2@businessweek.com,Agender,194.24.154.53
508,Charla,Cadwaladr,ccadwaladre3@cafepress.com,Genderqueer,254.196.103.44
509,Xenia,Stuffins,xstuffinse4@stumbleupon.com,Bigender,80.126.52.154
510,Griffie,Blazic,gblazice5@twitter.com,Agender,114.104.16.77
511,Rufus,Brundle,rbrundlee6@ed.gov,Genderfluid,192.110.101.108
512,Isabeau,Chaves,ichavese7@oakley.com,Female,57.152.156.123
513,Rana,Kiessel,rkiessele8@microsoft.com,Bigender,12.163.42.125
514,Frieda,Shemmans,fshemmanse9@ucla.edu,Genderqueer,158.245.21.82
515,Colver,Havock,chavockea@deviantart.com,Agender,88.192.180.151
516,Hortensia,Mathes,hmatheseb@nationalgeographic.com,Genderqueer,39.254.206.71
517,Zak,Woodrough,zwoodroughec@stanford.edu,Female,163.111.102.255
518,Mata,Martinovsky,mmartinovskyed@columbia.edu,Agender,91.108.188.160
519,Demetria,Eilhersen,deilhersenee@scientificamerican.com,Bigender,37.249.28.15
520,Kara,Castro,kcastroef@pcworld.com,Polygender,133.35.21.212
521,Margarethe,Yaldren,myaldreneg@hhs.gov,Agender,245.141.239.158
522,Wainwright,Bomfield,wbomfieldeh@addthis.com,Male,246.6.143.147
523,Gram,Giraldez,ggiraldezei@foxnews.com,Genderfluid,30.11.68.135
524,Llywellyn,Ondrich,londrichej@wordpress.com,Female,37.187.112.241
525,Grace,Chaffer,gchafferek@wired.com,Non-binary,48.174.253.23
526,Reider,Arden,rardenel@berkeley.edu,Female,176.141.41.240
527,Natka,Aurelius,naureliusem@exblog.jp,Genderqueer,65.75.58.30
528,Jewelle,Cicutto,jcicuttoen@answers.com,Bigender,52.178.49.255
529,Hercule,Beardsell,hbeardselleo@springer.com,Male,123.34.163.21
530,Bobbie,Oki,bokiep@blogspot.com,Genderqueer,77.183.197.145
531,Kirsteni,Shay,kshayeq@columbia.edu,Agender,1.80.146.179
532,Brandise,Harman,bharmaner@issuu.com,Genderqueer,60.154.62.252
533,Garrard,Patriskson,gpatrisksones@forbes.com,Bigender,87.46.132.65
534,Gerri,Nazair,gnazairet@cloudflare.com,Agender,1.129.48.168
535,Tades,Hedling,thedlingeu@cyberchimps.com,Genderfluid,139.111.122.57
536,Kellia,Thickett,kthickettev@dmoz.org,Polygender,7.154.46.168
537,Marlyn,Panyer,mpanyerew@vistaprint.com,Genderfluid,198.196.251.68
538,Marilin,Bodell,mbodellex@telegraph.co.uk,Genderfluid,235.187.235.13
539,Kerr,Thewless,kthewlessey@alexa.com,Agender,163.229.2.222
540,Rutledge,Caneo,rcaneoez@prnewswire.com,Polygender,210.248.162.44
541,Inge,Erbe,ierbef0@google.com.hk,Genderqueer,46.41.224.33
542,Kat,Withull,kwithullf1@devhub.com,Polygender,107.193.129.128
543,Juline,Virr,jvirrf2@cdc.gov,Genderfluid,193.178.176.119
544,Trent,Frankling,tfranklingf3@princeton.edu,Male,172.72.138.138
545,Blithe,Obbard,bobbardf4@apple.com,Agender,131.184.204.202
546,Judye,Goakes,jgoakesf5@reuters.com,Non-binary,63.188.39.151
547,Selby,Corbridge,scorbridgef6@yellowpages.com,Polygender,205.170.160.18
548,Lisle,Beville,lbevillef7@ehow.com,Bigender,100.167.251.146
549,Garvin,Gerasch,ggeraschf8@sohu.com,Male,112.94.213.77
550,Jimmy,Mainston,jmainstonf9@theatlantic.com,Male,164.183.44.40
551,Arleyne,Tremain,atremainfa@noaa.gov,Bigender,50.48.174.231
552,Wrennie,Casale,wcasalefb@moonfruit.com,Genderqueer,16.183.43.169
553,Wren,Lineen,wlineenfc@nbcnews.com,Bigender,249.252.234.246
554,Meade,Heintz,mheintzfd@infoseek.co.jp,Bigender,253.234.157.131
555,Menard,Rydzynski,mrydzynskife@cdc.gov,Non-binary,218.233.84.42
556,Korney,Laundon,klaundonff@nih.gov,Female,24.17.191.127
557,Katinka,Fright,kfrightfg@lulu.com,Male,124.138.252.217
558,Raphael,Tomney,rtomneyfh@xing.com,Genderqueer,113.172.131.164
559,Sauncho,Harrie,sharriefi@sfgate.com,Bigender,221.2.161.250
560,Asher,Sidwick,asidwickfj@amazon.com,Non-binary,94.141.162.240
561,Robinet,Olyunin,rolyuninfk@soundcloud.com,Agender,138.72.105.243
562,Ernesto,Camis,ecamisfl@ycombinator.com,Male,210.35.37.240
563,Elie,Janout,ejanoutfm@instagram.com,Genderfluid,42.175.166.249
564,Niel,Standbridge,nstandbridgefn@stumbleupon.com,Non-binary,163.152.44.213
565,Juli,Espino,jespinofo@ask.com,Genderqueer,98.11.246.76
566,Florencia,Leipelt,fleipeltfp@delicious.com,Genderfluid,232.94.188.0
567,Fayre,Voase,fvoasefq@is.gd,Genderqueer,177.119.153.222
568,Carly,Frankowski,cfrankowskifr@1und1.de,Genderfluid,188.138.25.80
569,Lillis,MacSkeaghan,lmacskeaghanfs@illinois.edu,Polygender,203.228.239.48
570,Roosevelt,St. Quintin,rstquintinft@parallels.com,Bigender,32.228.82.161
571,Shayne,Thurbon,sthurbonfu@rakuten.co.jp,Polygender,39.14.25.246
572,Dill,Winch,dwinchfv@paginegialle.it,Bigender,31.121.189.93
573,Melony,Kofax,mkofaxfw@hexun.com,Agender,238.123.180.117
574,Artur,Smowton,asmowtonfx@desdev.cn,Agender,193.206.89.6
575,Florida,Mossdale,fmossdalefy@ox.ac.uk,Polygender,24.211.11.216
576,Marcellina,Mansfield,mmansfieldfz@bloglovin.com,Agender,118.149.19.36
577,Henry,Andreev,handreevg0@squidoo.com,Bigender,33.219.227.237
578,Nanon,Awmack,nawmackg1@state.tx.us,Male,154.133.120.159
579,Clarey,Grinvalds,cgrinvaldsg2@tumblr.com,Polygender,78.62.90.208
580,Elianora,Wyldbore,ewyldboreg3@sitemeter.com,Female,194.216.88.140
581,Noble,Garmston,ngarmstong4@accuweather.com,Female,58.70.48.169
582,Paulette,Spatari,pspatarig5@blogtalkradio.com,Polygender,134.171.226.244
583,Edna,Giovanardi,egiovanardig6@sogou.com,Non-binary,209.45.244.40
584,Erik,Nicholson,enicholsong7@studiopress.com,Non-binary,60.183.230.76
585,Margarete,Jerdan,mjerdang8@imgur.com,Non-binary,249.23.69.247
586,Way,Shanley,wshanleyg9@smh.com.au,Genderqueer,164.215.141.142
587,Saudra,Fletcher,sfletcherga@wisc.edu,Agender,167.232.179.145
588,Kala,Enriquez,kenriquezgb@constantcontact.com,Genderfluid,146.214.247.234
589,Elli,McGroarty,emcgroartygc@barnesandnoble.com,Male,120.47.205.80
590,Elsie,Duck,educkgd@parallels.com,Genderfluid,9.52.35.119
591,Irvine,McAdam,imcadamge@alexa.com,Genderfluid,189.73.184.148
592,Vachel,Yeardsley,vyeardsleygf@samsung.com,Agender,32.207.125.8
593,Carola,Donati,cdonatigg@unicef.org,Genderqueer,201.175.184.103
594,Darlleen,Killough,dkilloughgh@elpais.com,Female,123.62.133.47
595,Bryon,Cohan,bcohangi@cyberchimps.com,Male,38.83.20.225
596,Germaine,Portis,gportisgj@economist.com,Agender,219.182.209.174
597,Caitlin,Leipnik,cleipnikgk@meetup.com,Genderfluid,232.31.135.218
598,Cecilia,Soro,csorogl@wunderground.com,Non-binary,70.150.71.104
599,Chick,Alfonsetto,calfonsettogm@boston.com,Agender,255.206.253.146
600,Sammy,Lotze,slotzegn@e-recht24.de,Genderqueer,112.114.199.217
601,Elfrieda,Tourne,etournego@dailymail.co.uk,Bigender,243.251.184.27
602,Sidonnie,Bramstom,sbramstomgp@over-blog.com,Genderqueer,230.196.75.251
603,Arnoldo,Yankov,ayankovgq@sohu.com,Polygender,227.183.128.120
604,Aylmar,Issakov,aissakovgr@dion.ne.jp,Non-binary,255.21.211.219
605,Diena,Furniss,dfurnissgs@a8.net,Female,15.37.67.91
606,Ashla,Babcock,ababcockgt@hatena.ne.jp,Non-binary,49.177.125.49
607,Chet,Ketteman,ckettemangu@yale.edu,Agender,37.156.239.121
608,Joyous,Buret,jburetgv@prlog.org,Female,166.185.181.174
609,Dolli,Jamme,djammegw@marriott.com,Agender,176.85.249.163
610,Guthrie,Swinburn,gswinburngx@mac.com,Polygender,22.47.214.186
611,Pernell,Gee,pgeegy@google.es,Male,45.204.184.123
612,Zollie,Poupard,zpoupardgz@yahoo.com,Female,214.121.154.64
613,Vallie,Yurasov,vyurasovh0@xrea.com,Genderqueer,220.23.223.200
614,Cassy,Cozens,ccozensh1@va.gov,Agender,91.255.245.89
615,Drew,Varcoe,dvarcoeh2@yolasite.com,Genderqueer,50.183.39.51
616,Clemmy,Bimrose,cbimroseh3@ustream.tv,Genderfluid,110.71.150.124
617,Valaree,Jantet,vjanteth4@businessweek.com,Polygender,153.149.49.189
618,Bastien,King,bkingh5@moonfruit.com,Genderfluid,159.226.224.75
619,Tabbatha,Leyzell,tleyzellh6@cornell.edu,Genderqueer,3.68.16.202
620,Cam,Cunliffe,ccunliffeh7@utexas.edu,Genderfluid,221.195.170.151
621,Nicolai,Pires,npiresh8@flickr.com,Polygender,222.13.10.11
622,Howard,Dachs,hdachsh9@seattletimes.com,Male,179.250.119.204
623,Patrizius,Darrigrand,pdarrigrandha@icq.com,Female,149.192.221.132
624,Dulcine,Halfacree,dhalfacreehb@cornell.edu,Polygender,17.221.139.253
625,Alexine,Cridlan,acridlanhc@unicef.org,Female,107.149.41.54
626,Myrvyn,Dutt,mdutthd@g.co,Female,209.115.19.232
627,Brannon,Alennikov,balennikovhe@pinterest.com,Polygender,222.118.163.241
628,Atalanta,Smeaton,asmeatonhf@reddit.com,Female,229.218.139.137
629,Madeline,Gasperi,mgasperihg@live.com,Agender,221.217.78.199
630,Clyve,Culver,cculverhh@usnews.com,Agender,254.147.142.122
631,Tatum,Killingbeck,tkillingbeckhi@deliciousdays.com,Genderqueer,206.138.197.189
632,Kimmy,Buie,kbuiehj@godaddy.com,Agender,200.88.192.102
633,Taffy,Othick,tothickhk@smh.com.au,Male,53.43.239.130
634,Royce,Belderfield,rbelderfieldhl@creativecommons.org,Polygender,92.223.217.28
635,Barbabra,Carme,bcarmehm@yandex.ru,Bigender,82.31.159.224
636,Ruperta,McAughtrie,rmcaughtriehn@about.com,Female,70.230.218.233
637,Costanza,Thorold,cthoroldho@opera.com,Agender,7.186.247.140
638,Olympie,Lacey,olaceyhp@google.it,Polygender,199.92.116.121
639,Zackariah,Oddie,zoddiehq@mayoclinic.com,Female,20.185.44.236
640,Galvan,Neylon,gneylonhr@bbc.co.uk,Bigender,64.248.100.237
641,Westley,Itshak,witshakhs@tripadvisor.com,Polygender,46.53.192.24
642,Kippie,Greyes,kgreyesht@opera.com,Non-binary,35.81.233.237
643,Arluene,Mariolle,amariollehu@alibaba.com,Bigender,170.91.42.149
644,Bea,Loads,bloadshv@pen.io,Genderfluid,218.225.86.153
645,Ewen,Pyett,epyetthw@odnoklassniki.ru,Bigender,63.134.39.182
646,Emmanuel,Pallesen,epallesenhx@jimdo.com,Female,170.191.231.229
647,Rancell,Scranedge,rscranedgehy@cafepress.com,Genderfluid,140.55.187.199
648,Cad,Berryann,cberryannhz@japanpost.jp,Polygender,102.47.18.37
649,Clyde,Corinton,ccorintoni0@yellowpages.com,Polygender,174.163.128.121
650,Jennie,Sachno,jsachnoi1@eepurl.com,Genderqueer,55.90.242.20
651,Haywood,Janowicz,hjanowiczi2@altervista.org,Bigender,248.91.175.41
652,Sunny,Pleat,spleati3@geocities.com,Non-binary,211.195.177.195
653,Katrina,Digg,kdiggi4@samsung.com,Polygender,55.127.179.189
654,Sarette,Dewdeny,sdewdenyi5@google.cn,Male,236.235.205.219
655,Fernandina,Hammer,fhammeri6@cloudflare.com,Non-binary,221.81.150.119
656,Deeann,Rubert,druberti7@t-online.de,Male,96.147.127.226
657,Rosalynd,Rantoul,rrantouli8@google.co.jp,Female,171.161.67.226
658,Ellissa,Jersch,ejerschi9@mapquest.com,Polygender,84.34.186.142
659,Carline,Hellier,chellieria@disqus.com,Genderqueer,134.85.31.153
660,Chloe,Chifney,cchifneyib@drupal.org,Genderfluid,228.117.236.80
661,Adan,Gheerhaert,agheerhaertic@lulu.com,Non-binary,231.68.174.248
662,Helaine,Gerry,hgerryid@deliciousdays.com,Female,8.1.181.132
663,Emelen,Willshere,ewillshereie@bloomberg.com,Male,221.155.32.234
664,Delinda,Moogan,dmooganif@mediafire.com,Agender,19.36.227.122
665,Iver,Gustus,igustusig@illinois.edu,Female,243.5.165.93
666,Laurie,Ceci,lceciih@theguardian.com,Non-binary,20.155.57.95
667,Dalenna,Pappin,dpappinii@histats.com,Female,160.233.114.105
668,Giustina,Gedney,ggedneyij@over-blog.com,Agender,252.196.139.44
669,Faustine,Hunton,fhuntonik@plala.or.jp,Genderqueer,71.104.16.198
670,Bird,Boardman,bboardmanil@deliciousdays.com,Genderfluid,151.110.136.56
671,Rourke,Dunge,rdungeim@biglobe.ne.jp,Polygender,170.109.205.116
672,Kelci,Wolfart,kwolfartin@ask.com,Non-binary,149.86.177.57
673,Ingmar,Ickovitz,iickovitzio@clickbank.net,Male,255.222.79.98
674,Glen,Raubheim,graubheimip@walmart.com,Bigender,217.160.172.15
675,Daloris,Banasiak,dbanasiakiq@google.com,Bigender,118.107.116.197
676,Juline,Bloor,jbloorir@sciencedaily.com,Male,196.59.75.51
677,Rodney,Kyteley,rkyteleyis@indiegogo.com,Genderqueer,212.145.93.35
678,Andrea,Ackenhead,aackenheadit@imdb.com,Bigender,8.174.152.166
679,Lea,Stieger,lstiegeriu@earthlink.net,Non-binary,8.219.197.61
680,Cesar,Gosse,cgosseiv@zdnet.com,Genderqueer,78.30.81.42
681,Drew,Redmain,dredmainiw@hexun.com,Male,168.178.152.166
682,Liz,Liepins,lliepinsix@livejournal.com,Non-binary,246.76.202.247
683,Michell,Radolf,mradolfiy@zimbio.com,Polygender,28.99.240.122
684,Betta,Craine,bcraineiz@sohu.com,Genderqueer,164.200.44.212
685,Aymer,Nower,anowerj0@comcast.net,Bigender,82.111.53.47
686,Brian,Labarre,blabarrej1@mit.edu,Bigender,133.50.213.245
687,Fancy,Pooley,fpooleyj2@amazon.co.uk,Agender,226.35.221.85
688,Marley,Pullin,mpullinj3@mayoclinic.com,Polygender,45.211.253.75
689,Olivia,Belloch,obellochj4@theatlantic.com,Male,64.222.224.247
690,Portia,Avrashin,pavrashinj5@pinterest.com,Non-binary,7.37.189.135
691,Beverley,Jeens,bjeensj6@dagondesign.com,Bigender,102.172.43.57
692,Katerine,Penella,kpenellaj7@livejournal.com,Polygender,56.203.189.7
693,Joey,Somers,jsomersj8@vistaprint.com,Polygender,77.98.143.190
694,Ettore,Cauldfield,ecauldfieldj9@list-manage.com,Agender,48.78.226.142
695,Norman,Redolfi,nredolfija@angelfire.com,Genderqueer,205.193.141.185
696,Phillip,Scotts,pscottsjb@newyorker.com,Non-binary,218.157.198.253
697,Karena,Fraschini,kfraschinijc@cnbc.com,Male,133.242.137.30
698,Lovell,Thebeau,lthebeaujd@toplist.cz,Male,105.63.92.240
699,Janeta,Chester,jchesterje@bloomberg.com,Bigender,185.102.234.128
700,Ignacius,Daunter,idaunterjf@squarespace.com,Genderfluid,107.79.3.145
701,Gussi,Udey,gudeyjg@msn.com,Genderqueer,62.10.167.36
702,Olenka,Ekless,oeklessjh@techcrunch.com,Male,192.211.93.178
703,Corina,McCreadie,cmccreadieji@miitbeian.gov.cn,Male,73.34.56.108
704,Luca,Nekrews,lnekrewsjj@multiply.com,Female,39.15.60.178
705,Vernice,Roggers,vroggersjk@trellian.com,Polygender,68.50.242.248
706,Felecia,Tonkinson,ftonkinsonjl@parallels.com,Male,142.54.131.245
707,Flo,Feary,ffearyjm@google.pl,Agender,59.7.85.66
708,Heinrik,Curedale,hcuredalejn@salon.com,Bigender,193.64.179.248
709,Cherianne,Olivetti,colivettijo@sina.com.cn,Male,147.14.158.212
710,Lyndsey,Baumann,lbaumannjp@163.com,Polygender,45.228.109.180
711,Mariel,Mayall,mmayalljq@uol.com.br,Genderqueer,38.94.211.181
712,Boyd,Duffit,bduffitjr@vk.com,Genderfluid,222.39.111.91
713,Ahmed,Greatland,agreatlandjs@prnewswire.com,Non-binary,97.96.149.93
714,Merci,Keepin,mkeepinjt@devhub.com,Agender,208.163.205.142
715,Robbert,McGeever,rmcgeeverju@mit.edu,Genderfluid,129.130.190.58
716,Tanitansy,Hapgood,thapgoodjv@tumblr.com,Genderqueer,41.208.223.190
717,Sallee,Wattins,swattinsjw@digg.com,Bigender,236.79.132.207
718,Kipp,Victoria,kvictoriajx@gravatar.com,Polygender,237.129.71.112
719,Tedman,Laborda,tlabordajy@com.com,Genderfluid,26.215.236.244
720,Jillian,Thew,jthewjz@harvard.edu,Agender,205.168.233.103
721,Jamima,Tait,jtaitk0@weebly.com,Female,1.53.112.16
722,Bink,Loker,blokerk1@qq.com,Polygender,232.215.214.152
723,Lanni,Jaggi,ljaggik2@google.ru,Genderqueer,217.166.253.94
724,Charmaine,Very,cveryk3@google.co.jp,Male,106.12.0.174
725,Catha,MacLeod,cmacleodk4@nps.gov,Non-binary,255.213.131.85
726,Averell,Reditt,aredittk5@wunderground.com,Female,187.178.126.10
727,Garald,Fuzzens,gfuzzensk6@51.la,Non-binary,59.229.2.153
728,Jule,Suggett,jsuggettk7@rambler.ru,Non-binary,177.124.14.156
729,Marlon,McKeating,mmckeatingk8@flavors.me,Genderfluid,158.214.225.164
730,Monica,Tinsley,mtinsleyk9@fema.gov,Genderfluid,23.239.33.64
731,Ulric,Peverell,upeverellka@tamu.edu,Genderqueer,151.223.238.31
732,Morissa,Trevarthen,mtrevarthenkb@jugem.jp,Non-binary,197.37.86.65
733,Dorthea,Majury,dmajurykc@netlog.com,Genderfluid,165.215.183.133
734,Cristionna,Yeskov,cyeskovkd@toplist.cz,Male,143.127.205.19
735,Harriott,Steventon,hsteventonke@163.com,Non-binary,13.40.180.16
736,Alene,Fritz,afritzkf@yahoo.com,Bigender,110.84.137.155
737,Shannah,Rummings,srummingskg@biblegateway.com,Polygender,3.16.13.22
738,Iago,Bodycote,ibodycotekh@shutterfly.com,Bigender,70.139.140.78
739,Rickert,Bodycomb,rbodycombki@wordpress.com,Non-binary,242.127.98.246
740,Sindee,Digwood,sdigwoodkj@theguardian.com,Genderqueer,116.119.42.226
741,Hill,Dodworth,hdodworthkk@jimdo.com,Bigender,54.122.195.31
742,Mia,Yurkiewicz,myurkiewiczkl@1688.com,Genderqueer,252.102.209.102
743,Kyle,Silley,ksilleykm@weather.com,Bigender,174.228.250.123
744,Alexandr,Callingham,acallinghamkn@wikispaces.com,Male,135.150.34.35
745,Kerk,Kornacki,kkornackiko@stumbleupon.com,Non-binary,138.47.65.220
746,Kain,Tirkin,ktirkinkp@state.tx.us,Bigender,85.119.166.10
747,Salomi,Ligoe,sligoekq@smugmug.com,Agender,73.107.184.163
748,Gertrud,Beall,gbeallkr@g.co,Polygender,164.89.87.132
749,Erskine,Huthart,ehuthartks@opensource.org,Polygender,22.53.69.170
750,Cathie,Matityahu,cmatityahukt@miitbeian.gov.cn,Female,103.241.180.30
751,Fey,Frostdyke,ffrostdykeku@jugem.jp,Non-binary,164.72.34.159
752,Alisa,MacAiline,amacailinekv@paypal.com,Male,65.63.249.87
753,Jenda,Fouracre,jfouracrekw@macromedia.com,Genderfluid,90.67.26.241
754,Malachi,Boynton,mboyntonkx@jalbum.net,Female,84.30.15.164
755,Franciskus,Jewsbury,fjewsburyky@archive.org,Male,238.68.148.142
756,Page,Gerler,pgerlerkz@techcrunch.com,Female,246.149.131.183
757,Abbot,Pearn,apearnl0@e-recht24.de,Bigender,89.173.35.81
758,Demetrius,Nazareth,dnazarethl1@simplemachines.org,Bigender,242.242.1.80
759,Kitty,Toward,ktowardl2@people.com.cn,Female,248.154.14.175
760,Creighton,Hinners,chinnersl3@google.ca,Genderqueer,67.234.253.160
761,Phyllys,Rawstorne,prawstornel4@nature.com,Polygender,173.67.6.114
762,Alisun,Cosson,acossonl5@de.vu,Bigender,101.101.87.126
763,Huey,Southan,hsouthanl6@accuweather.com,Bigender,2.47.239.76
764,Hugh,Shedd,hsheddl7@sun.com,Non-binary,214.26.236.43
765,Penelopa,Starbeck,pstarbeckl8@engadget.com,Female,237.116.144.32
766,Kathi,Cossar,kcossarl9@wunderground.com,Female,146.218.177.255
767,Leanora,Carvil,lcarvilla@bloomberg.com,Polygender,239.39.130.194
768,Cherilynn,Chancellor,cchancellorlb@telegraph.co.uk,Bigender,136.193.124.54
769,Marilin,Fiander,mfianderlc@icio.us,Genderqueer,44.103.240.2
770,Mick,MacQuaker,mmacquakerld@npr.org,Genderqueer,203.174.250.209
771,Sid,Fewings,sfewingsle@go.com,Male,204.39.40.87
772,Renard,Bodman,rbodmanlf@ca.gov,Female,23.222.167.209
773,Sadye,Turton,sturtonlg@slashdot.org,Agender,108.19.90.24
774,Lenci,Collymore,lcollymorelh@acquirethisname.com,Genderfluid,108.44.127.108
775,Debby,Malloch,dmallochli@icq.com,Genderfluid,126.42.21.179
776,Reinald,Dargue,rdarguelj@pbs.org,Agender,41.190.105.139
777,Vonny,Bruford,vbrufordlk@goo.gl,Male,178.3.99.119
778,Kayne,Castella,kcastellall@123-reg.co.uk,Male,36.3.174.227
779,Ralph,Wigmore,rwigmorelm@blogtalkradio.com,Genderqueer,222.76.54.15
780,Sapphire,Lingard,slingardln@illinois.edu,Genderqueer,225.109.234.132
781,Lise,California,lcalifornialo@statcounter.com,Agender,168.117.53.206
782,Lebbie,Haster,lhasterlp@jugem.jp,Bigender,50.220.168.178
783,Burch,Yakebowitch,byakebowitchlq@indiatimes.com,Genderqueer,231.124.218.97
784,Vance,Skunes,vskuneslr@cafepress.com,Polygender,120.14.129.221
785,Erin,Carnall,ecarnallls@ustream.tv,Polygender,70.201.41.61
786,Ringo,Karpf,rkarpflt@psu.edu,Genderfluid,226.144.220.139
787,Cosette,Smithin,csmithinlu@fema.gov,Genderqueer,153.180.205.224
788,Alejandro,Hune,ahunelv@theatlantic.com,Genderqueer,47.15.51.13
789,Wendy,Schooling,wschoolinglw@tinyurl.com,Agender,140.12.29.10
790,Merrill,Yushin,myushinlx@foxnews.com,Polygender,93.232.86.56
791,Lainey,Lapham,llaphamly@cafepress.com,Bigender,0.181.128.43
792,Jamey,Roylance,jroylancelz@cafepress.com,Male,255.82.141.45
793,Reynard,Dundredge,rdundredgem0@alibaba.com,Genderfluid,19.2.239.24
794,Agnese,Povele,apovelem1@senate.gov,Non-binary,184.135.203.102
795,Gnni,Morison,gmorisonm2@webmd.com,Polygender,8.121.16.201
796,Doy,Ludlom,dludlomm3@skyrock.com,Male,233.169.142.69
797,Aurora,Standbridge,astandbridgem4@is.gd,Bigender,182.3.187.115
798,Gardie,Baptiste,gbaptistem5@boston.com,Male,147.202.177.142
799,Archibald,Biasioni,abiasionim6@vinaora.com,Non-binary,152.219.166.217
800,Abbot,Glasebrook,aglasebrookm7@icio.us,Non-binary,64.7.180.12
801,Adah,Dykas,adykasm8@sciencedaily.com,Genderqueer,24.162.116.219
802,Alfonso,Brunnen,abrunnenm9@icio.us,Polygender,61.187.83.229
803,Jori,Jonathon,jjonathonma@unesco.org,Genderqueer,124.241.125.26
804,Lilllie,Ventam,lventammb@eventbrite.com,Female,27.237.247.116
805,Yule,Reoch,yreochmc@joomla.org,Genderfluid,18.83.68.181
806,Trenna,Furber,tfurbermd@amazonaws.com,Genderqueer,149.104.131.87
807,Bettina,Cosford,bcosfordme@irs.gov,Non-binary,70.211.43.43
808,Celisse,Blabie,cblabiemf@biblegateway.com,Genderfluid,98.199.171.128
809,Auberta,Dallison,adallisonmg@goo.gl,Genderqueer,201.248.52.255
810,Jocelyn,Yitzhok,jyitzhokmh@example.com,Bigender,202.37.11.4
811,Rowan,Benford,rbenfordmi@spiegel.de,Genderqueer,222.149.94.101
812,Neddie,Muress,nmuressmj@miibeian.gov.cn,Male,114.100.42.163
813,Chrissy,Rebillard,crebillardmk@globo.com,Genderqueer,8.244.27.124
814,Kacy,Salvadore,ksalvadoreml@jimdo.com,Genderqueer,10.203.193.146
815,Godard,Hanington,ghaningtonmm@goo.ne.jp,Polygender,203.131.162.202
816,Murry,Kinder,mkindermn@jugem.jp,Genderqueer,83.255.136.41
817,Horatia,Collymore,hcollymoremo@tumblr.com,Male,179.29.209.247
818,Luke,Grob,lgrobmp@icio.us,Non-binary,237.218.1.55
819,Gaye,Ruff,gruffmq@ovh.net,Female,26.21.198.26
820,Alena,Riseborough,ariseboroughmr@gov.uk,Female,116.149.69.204
821,Ransell,Brasseur,rbrasseurms@ebay.co.uk,Female,38.164.13.243
822,Ewell,Cattellion,ecattellionmt@de.vu,Female,57.114.160.19
823,Hatty,Tattersfield,htattersfieldmu@mapy.cz,Agender,33.255.189.134
824,Lanny,Kemmish,lkemmishmv@sakura.ne.jp,Non-binary,217.180.236.14
825,Maritsa,Dunnaway,mdunnawaymw@rambler.ru,Non-binary,133.116.27.158
826,Cesar,Grunson,cgrunsonmx@samsung.com,Non-binary,171.243.104.1
827,Gertrude,McIndoe,gmcindoemy@uol.com.br,Female,90.59.124.209
828,Francine,Linkleter,flinkletermz@addtoany.com,Polygender,253.182.29.30
829,Jervis,Pantry,jpantryn0@typepad.com,Genderfluid,232.136.242.196
830,Roz,Cham,rchamn1@ning.com,Genderqueer,157.9.216.133
831,Kirstin,Rieger,kriegern2@hibu.com,Non-binary,175.205.210.194
832,Blane,Ianno,biannon3@salon.com,Bigender,86.104.147.110
833,Jenn,MacCurley,jmaccurleyn4@cafepress.com,Non-binary,161.16.217.54
834,Pamela,Meek,pmeekn5@washington.edu,Bigender,11.215.246.10
835,Edwin,MacAskill,emacaskilln6@4shared.com,Genderqueer,223.3.189.157
836,Guinevere,Truesdale,gtruesdalen7@gizmodo.com,Genderfluid,28.141.201.194
837,Saree,Rawll,srawlln8@theguardian.com,Non-binary,22.140.21.149
838,Nicoli,Packman,npackmann9@freewebs.com,Bigender,63.161.53.166
839,Barrie,Dell'Abbate,bdellabbatena@virginia.edu,Genderfluid,227.41.49.91
840,Dasi,Mouse,dmousenb@deviantart.com,Agender,115.26.65.239
841,Brooke,Tales,btalesnc@army.mil,Genderfluid,44.115.173.245
842,Franky,Reuben,freubennd@furl.net,Agender,34.202.203.223
843,Mada,Seeking,mseekingne@amazon.de,Male,5.87.240.177
844,Anette,Ilyenko,ailyenkonf@ucsd.edu,Genderqueer,46.7.254.136
845,Nial,Medmore,nmedmoreng@domainmarket.com,Genderqueer,192.112.90.35
846,Fee,Ellerton,fellertonnh@mysql.com,Genderqueer,58.96.8.113
847,Kynthia,Gimenez,kgimenezni@usgs.gov,Genderqueer,184.201.146.139
848,Lorin,MacKeague,lmackeaguenj@usa.gov,Male,67.202.5.103
849,Keefe,Salman,ksalmannk@redcross.org,Bigender,224.150.64.235
850,Ariela,Penketh,apenkethnl@cyberchimps.com,Genderfluid,236.185.107.252
851,Enoch,Buyers,ebuyersnm@dot.gov,Non-binary,67.220.123.249
852,Trina,Gilcriest,tgilcriestnn@tuttocitta.it,Non-binary,105.68.19.244
853,Derek,Sellwood,dsellwoodno@taobao.com,Polygender,93.47.28.45
854,Alley,Fontaine,afontainenp@multiply.com,Bigender,146.11.90.250
855,Bettine,Dron,bdronnq@npr.org,Agender,177.17.53.96
856,Lacee,Witherby,lwitherbynr@gnu.org,Bigender,155.71.143.110
857,Bibby,Endicott,bendicottns@sciencedaily.com,Polygender,187.203.197.167
858,Eilis,Wilkison,ewilkisonnt@google.ca,Agender,207.162.167.204
859,Guillermo,Glanz,gglanznu@tmall.com,Genderfluid,54.232.131.116
860,Cletus,Cammock,ccammocknv@mlb.com,Genderfluid,34.147.131.211
861,Sigismund,Strafen,sstrafennw@nifty.com,Agender,213.237.134.236
862,Olenka,Illes,oillesnx@engadget.com,Genderqueer,0.182.43.94
863,Sula,Medlin,smedlinny@nationalgeographic.com,Female,126.231.136.129
864,Maurie,Hartup,mhartupnz@yellowbook.com,Polygender,145.172.1.10
865,Abbie,Notton,anottono0@discovery.com,Female,4.60.54.53
866,Tuck,Gorman,tgormano1@cnet.com,Polygender,96.56.183.236
867,Farley,Christoffels,fchristoffelso2@wisc.edu,Genderfluid,206.133.104.3
868,Gwenni,Ludwell,gludwello3@omniture.com,Female,30.52.77.240
869,Cornall,Metcalfe,cmetcalfeo4@fotki.com,Bigender,168.162.169.77
870,Francklin,Veal,fvealo5@hp.com,Polygender,237.76.152.6
871,Lily,Guenther,lguenthero6@devhub.com,Non-binary,31.199.231.139
872,Yovonnda,Fishpoole,yfishpooleo7@prweb.com,Bigender,101.122.158.35
873,Gusta,Borgars,gborgarso8@artisteer.com,Genderfluid,95.221.24.94
874,Sofia,Figin,sfigino9@nytimes.com,Female,210.34.6.39
875,Ruby,Shepherd,rshepherdoa@hugedomains.com,Genderqueer,18.146.83.119
876,Robinette,Popland,rpoplandob@mashable.com,Female,165.134.46.195
877,Ava,Laise,alaiseoc@archive.org,Genderfluid,84.74.27.14
878,Ryun,Egle of Germany,regleofgermanyod@about.me,Polygender,166.102.243.241
879,Forest,Pues,fpuesoe@yellowpages.com,Genderqueer,129.223.243.46
880,Bastien,Godding,bgoddingof@cbsnews.com,Bigender,96.60.58.54
881,Nataniel,Wyndham,nwyndhamog@samsung.com,Female,67.164.65.225
882,Briana,Sowerbutts,bsowerbuttsoh@pagesperso-orange.fr,Polygender,106.142.94.249
883,Guido,Vonderdell,gvonderdelloi@theglobeandmail.com,Genderqueer,90.130.13.103
884,Obediah,Stadden,ostaddenoj@ucoz.com,Male,117.227.246.235
885,Kym,Ary,karyok@yellowbook.com,Non-binary,57.59.66.160
886,Alta,Lambrechts,alambrechtsol@is.gd,Bigender,136.33.51.78
887,Albrecht,McCurrie,amccurrieom@hao123.com,Genderfluid,218.87.243.135
888,Martin,Hartzogs,mhartzogson@joomla.org,Agender,246.120.217.54
889,Aile,Wellsman,awellsmanoo@slate.com,Genderqueer,106.30.125.29
890,Andrey,Rozec,arozecop@cornell.edu,Polygender,19.219.52.188
891,Brnaba,MacCosty,bmaccostyoq@sitemeter.com,Bigender,180.139.204.91
892,Husein,Tarney,htarneyor@hatena.ne.jp,Non-binary,188.142.31.113
893,Aigneis,Bontine,abontineos@icio.us,Female,245.184.56.226
894,Cris,Lavarack,clavarackot@youku.com,Genderfluid,14.211.190.22
895,Donnie,Erat,deratou@4shared.com,Male,237.144.166.192
896,Ricardo,Flecknoe,rflecknoeov@issuu.com,Polygender,115.4.149.145
897,Kylie,Firk,kfirkow@sitemeter.com,Polygender,55.160.147.122
898,Carmelle,Bilston,cbilstonox@last.fm,Genderfluid,133.212.186.179
899,Bennie,Labro,blabrooy@prnewswire.com,Female,97.63.84.113
900,Laurent,Stockport,lstockportoz@g.co,Male,142.87.117.249
901,Godfry,Anelay,ganelayp0@google.ca,Agender,42.220.159.10
902,Odie,Harmes,oharmesp1@google.ru,Genderfluid,175.189.5.230
903,Celinda,Gammel,cgammelp2@bluehost.com,Female,170.117.237.238
904,Wayne,Littleover,wlittleoverp3@blogs.com,Male,119.205.30.203
905,Winnah,Gayforth,wgayforthp4@blogs.com,Agender,114.165.53.118
906,Glynnis,McComish,gmccomishp5@nih.gov,Male,253.106.143.31
907,Wilmette,Robinett,wrobinettp6@bluehost.com,Genderqueer,114.82.27.160
908,Yorker,Kingsbury,ykingsburyp7@bizjournals.com,Non-binary,216.246.125.37
909,Rodolfo,Correa,rcorreap8@dedecms.com,Polygender,213.251.61.232
910,Gillian,Habden,ghabdenp9@addtoany.com,Polygender,250.207.110.142
911,Quincey,Towe,qtowepa@nydailynews.com,Polygender,19.108.99.29
912,Yasmin,Ferenczi,yferenczipb@mapy.cz,Bigender,34.10.18.53
913,Luther,Parnall,lparnallpc@latimes.com,Bigender,246.217.252.64
914,Christina,Mendoza,cmendozapd@simplemachines.org,Genderqueer,73.230.9.31
915,Sergio,McCarrick,smccarrickpe@com.com,Non-binary,231.54.75.50
916,Kath,Weal,kwealpf@auda.org.au,Genderqueer,140.108.67.170
917,Ulrick,Oakwood,uoakwoodpg@ihg.com,Genderfluid,13.19.239.165
918,Aindrea,Elderton,aeldertonph@pbs.org,Agender,52.237.202.96
919,Andria,Molineaux,amolineauxpi@jiathis.com,Genderqueer,60.248.172.152
920,Trix,Juppe,tjuppepj@shinystat.com,Genderfluid,218.148.167.105
921,Arlyn,Primarolo,aprimarolopk@canalblog.com,Female,224.187.58.124
922,Annamarie,Eddy,aeddypl@archive.org,Genderfluid,63.93.151.163
923,Salomo,Steptowe,ssteptowepm@irs.gov,Non-binary,30.207.224.171
924,Vallie,Oldnall,voldnallpn@domainmarket.com,Female,60.68.208.13
925,Hagen,Thomas,hthomaspo@slashdot.org,Non-binary,97.53.164.19
926,Easter,Hoopper,ehoopperpp@diigo.com,Female,66.199.133.138
927,Karna,Bysaker,kbysakerpq@wix.com,Female,20.76.198.46
928,Myrvyn,Skyram,mskyrampr@scientificamerican.com,Male,22.20.76.17
929,Daron,Chittleburgh,dchittleburghps@google.com.au,Polygender,115.153.124.51
930,Wat,Stitch,wstitchpt@hc360.com,Genderqueer,236.204.21.97
931,Felita,Hukins,fhukinspu@nhs.uk,Non-binary,161.172.40.198
932,Wyatan,Crompton,wcromptonpv@businesswire.com,Polygender,215.236.209.49
933,Giacomo,Mogenot,gmogenotpw@is.gd,Genderqueer,192.184.63.129
934,Alic,Wabey,awabeypx@sitemeter.com,Agender,168.58.134.197
935,Skell,Wallbanks,swallbankspy@liveinternet.ru,Genderqueer,107.134.184.17
936,Manya,Brocklehurst,mbrocklehurstpz@theglobeandmail.com,Male,73.64.105.32
937,Timmy,Garth,tgarthq0@marriott.com,Genderqueer,232.157.4.198
938,Elysia,Bartzen,ebartzenq1@patch.com,Male,69.64.112.83
939,Minnie,Kos,mkosq2@histats.com,Female,30.46.250.91
940,Royce,Bushen,rbushenq3@harvard.edu,Non-binary,134.66.204.80
941,Ado,Van Cassel,avancasselq4@edublogs.org,Agender,169.225.72.27
942,Carlin,Rudiger,crudigerq5@hatena.ne.jp,Polygender,19.90.166.239
943,Felice,Elie,felieq6@homestead.com,Genderfluid,137.70.72.253
944,Henryetta,Wensley,hwensleyq7@people.com.cn,Genderqueer,85.64.136.223
945,Truda,Cockshott,tcockshottq8@webeden.co.uk,Male,226.197.136.17
946,Patricia,Harder,pharderq9@bing.com,Bigender,7.102.199.93
947,Lorry,Siberry,lsiberryqa@nhs.uk,Genderfluid,88.186.57.226
948,Sigfried,Arthurs,sarthursqb@hibu.com,Bigender,15.244.46.45
949,Riobard,Frogley,rfrogleyqc@4shared.com,Non-binary,170.77.150.238
950,Parrnell,Koche,pkocheqd@prnewswire.com,Genderfluid,119.177.29.217
951,Thea,Pietraszek,tpietraszekqe@admin.ch,Bigender,54.111.181.162
952,Edna,Eskriett,eeskriettqf@comsenz.com,Non-binary,167.75.106.123
953,Johnath,Chifney,jchifneyqg@ihg.com,Polygender,119.153.207.80
954,Ramsay,Nast,rnastqh@booking.com,Genderfluid,203.209.250.98
955,Vilma,Annable,vannableqi@archive.org,Genderqueer,68.103.63.243
956,Agatha,Lodge,alodgeqj@privacy.gov.au,Bigender,38.7.58.255
957,Phillis,Ney,pneyqk@usgs.gov,Genderfluid,27.75.22.226
958,Jolene,Bassett,jbassettql@angelfire.com,Bigender,223.159.250.198
959,Lion,Tokley,ltokleyqm@live.com,Female,130.183.113.154
960,Calli,Wichard,cwichardqn@bing.com,Agender,245.39.10.98
961,Tracey,de Banke,tdebankeqo@facebook.com,Bigender,170.203.59.19
962,Marlyn,Hallgarth,mhallgarthqp@people.com.cn,Male,213.239.137.158
963,Thekla,Restorick,trestorickqq@foxnews.com,Male,118.179.181.127
964,Bone,Le Marquand,blemarquandqr@linkedin.com,Female,85.68.232.62
965,Katya,McSkin,kmcskinqs@weebly.com,Non-binary,133.172.103.78
966,Clea,Bendtsen,cbendtsenqt@cdbaby.com,Genderfluid,130.204.82.169
967,Henryetta,Casari,hcasariqu@123-reg.co.uk,Non-binary,247.228.147.69
968,Keene,Vagg,kvaggqv@comsenz.com,Female,157.103.14.175
969,Jard,Borsay,jborsayqw@vinaora.com,Agender,143.121.246.23
970,Joanne,Brikner,jbriknerqx@topsy.com,Bigender,39.172.185.99
971,Harcourt,Crellin,hcrellinqy@java.com,Male,201.80.173.56
972,Winnie,Baldinotti,wbaldinottiqz@e-recht24.de,Male,188.44.176.34
973,Gonzalo,Newcom,gnewcomr0@ow.ly,Polygender,17.224.200.43
974,Karilynn,Mathis,kmathisr1@google.com.hk,Male,121.13.59.165
975,Hope,Clementi,hclementir2@auda.org.au,Bigender,185.172.52.78
976,Maire,Angeau,mangeaur3@yellowbook.com,Bigender,255.166.77.65
977,Kristan,Parminter,kparminterr4@last.fm,Genderqueer,131.127.21.62
978,Faunie,Stobbart,fstobbartr5@youtu.be,Bigender,185.245.80.127
979,Free,Button,fbuttonr6@barnesandnoble.com,Polygender,234.177.239.134
980,Brita,Fantini,bfantinir7@tinyurl.com,Genderqueer,118.122.65.156
981,Francisco,Leguey,flegueyr8@illinois.edu,Polygender,125.223.74.242
982,Jacquenette,Littley,jlittleyr9@statcounter.com,Agender,210.121.223.83
983,Roselia,Muncie,rmunciera@artisteer.com,Non-binary,151.113.193.113
984,Ryun,Brouwer,rbrouwerrb@slashdot.org,Genderqueer,217.226.24.63
985,Devonna,Pinckard,dpinckardrc@hud.gov,Genderfluid,147.69.228.119
986,Cristiano,Salway,csalwayrd@admin.ch,Genderfluid,81.168.143.4
987,Ofilia,Dumphy,odumphyre@shinystat.com,Bigender,230.64.10.10
988,Therese,Rogliero,troglierorf@globo.com,Female,79.138.30.155
989,Obie,St. Clair,ostclairrg@cmu.edu,Bigender,139.18.99.57
990,Roselle,Jehu,rjehurh@mashable.com,Bigender,222.37.189.190
991,Elsy,Piddick,epiddickri@yelp.com,Genderfluid,36.21.148.68
992,Sigmund,Kenneway,skennewayrj@fotki.com,Non-binary,147.179.38.33
993,Shelbi,Tankus,stankusrk@berkeley.edu,Agender,5.135.75.119
994,Gerhardt,Kell,gkellrl@hud.gov,Female,100.105.226.200
995,Alyssa,Levesque,alevesquerm@homestead.com,Female,15.163.15.45
996,Bonita,Wasbey,bwasbeyrn@cornell.edu,Non-binary,93.120.48.101
997,Guthrie,Burnes,gburnesro@networkadvertising.org,Non-binary,75.240.52.138
998,Izaak,O'Regan,ioreganrp@yale.edu,Non-binary,88.111.151.49
999,Sherman,Bentjens,sbentjensrq@github.io,Female,155.247.219.105
1000,Nalani,Ivanaev,nivanaevrr@eepurl.com,Female,17.185.143.80
